Sample Name,metabolite_1,metabolite_2,metabolite_3,metabolite_4,metabolite_5,metabolite_6,metabolite_7,metabolite_8,metabolite_9,metabolite_10,metabolite_11,metabolite_12,metabolite_13,metabolite_14,metabolite_15,metabolite_16,metabolite_17,metabolite_18,metabolite_19,metabolite_20,metabolite_21,metabolite_22,metabolite_23,metabolite_24,metabolite_25,metabolite_26,metabolite_27,metabolite_28,metabolite_29,metabolite_30,metabolite_31,metabolite_32,metabolite_33,metabolite_34,metabolite_35,metabolite_36,metabolite_37,metabolite_38,metabolite_39,metabolite_40,metabolite_41,metabolite_42,metabolite_43,metabolite_44,metabolite_45,metabolite_46,metabolite_47,metabolite_48,metabolite_49,metabolite_50,metabolite_51,metabolite_52,metabolite_53,metabolite_54,metabolite_55,metabolite_56,metabolite_57,metabolite_58,metabolite_59,metabolite_60,metabolite_61,metabolite_62,metabolite_63,metabolite_64,metabolite_65,metabolite_66,metabolite_67,metabolite_68,metabolite_69,metabolite_70,metabolite_71,metabolite_72,metabolite_73,metabolite_74,metabolite_75,metabolite_76,metabolite_77,metabolite_78,metabolite_79,metabolite_80,metabolite_81,metabolite_82,metabolite_83,metabolite_84,metabolite_85,metabolite_86,metabolite_87,metabolite_88,metabolite_89,metabolite_90,metabolite_91,metabolite_92,metabolite_93,metabolite_94,metabolite_95,metabolite_96,metabolite_97,metabolite_98,metabolite_99,metabolite_100
sample_1,8.51,10.3,7.11,6.65,7.23,11.36,13.99,9.92,11.59,11.64,11.49,6.31,7.92,4.09,9.3,7.44,10.18,14.23,8.53,13.06,14.06,8.24,10.08,11.02,11.34,6.2,9.16,13.08,12.43,8.25,9.09,13.87,10.45,15.99,9.88,4.51,7.57,10.81,6.94,12.28,16.16,9.68,15.71,8.34,12.47,10.87,15.27,6.3,6.03,11.96,13.01,10.46,5.89,7.98,9.15,14.72,6.95,13.23,12.19,13.6,12.81,15.6,11.02,11.43,10.21,12.95,12.67,6.13,10.69,9.56,7.4,8.01,14.86,12.17,10.59,9.59,9.67,8.83,12.88,12.16,13.06,10.21,8.35,8.49,6.09,9.21,10.38,7.15,11.1,12.19,10.88,5.33,9.52,10.76,7.35,9.13,6.19,7.44,4.66,11.83
sample_2,14.34,7.4,11.88,10.67,11.67,4.35,7.66,13.27,13.5,10.24,12.99,13.14,5.54,8.93,8.64,4.98,8.58,13.25,6.16,10.23,11.52,9.49,10.69,12.54,7.85,13.93,9.85,10.59,11.75,11.85,8.89,10.83,9.26,10.51,12.85,10.89,4.06,13.65,3.8,10.06,16.63,7.64,5.21,10.08,11.1,9.88,13.45,10.53,14.22,11.54,6.0,7.38,16.73,12.39,9.16,8.8,8.94,13.06,3.48,9.27,5.65,18.32,2.83,11.59,10.5,14.89,8.35,14.59,4.38,9.67,13.95,8.62,10.74,11.24,8.41,12.6,10.0,13.75,3.43,13.46,6.68,15.52,9.02,11.0,7.21,13.07,5.1,7.57,14.3,6.99,6.69,9.84,9.51,10.5,9.15,5.42,12.51,10.99,12.07,8.1
sample_3,10.61,9.9,8.06,12.45,4.96,10.46,14.16,9.88,10.94,10.7,11.95,10.14,9.81,11.3,5.78,14.78,9.3,15.59,12.34,6.52,1.0,15.13,11.8,11.19,10.95,11.2,6.11,5.94,5.9,9.0,11.47,11.33,11.42,12.6,5.73,6.48,13.31,12.63,8.15,12.5,10.07,8.78,10.82,13.19,9.42,11.9,11.37,10.65,12.39,7.8,8.11,6.46,6.36,10.27,12.82,11.91,12.74,12.68,13.6,9.9,9.18,9.91,10.89,12.67,7.59,6.51,11.1,11.58,9.22,10.96,6.35,15.36,15.59,10.23,7.04,9.07,12.89,11.67,12.25,9.3,14.04,13.82,9.97,4.1,8.58,10.87,9.99,9.27,10.76,11.97,8.26,4.19,11.38,17.9,8.87,6.15,8.55,12.44,9.63,5.96
sample_4,12.8,10.97,10.74,7.57,14.69,11.38,13.45,7.98,10.86,6.53,9.64,11.36,9.88,8.82,12.14,14.12,9.45,9.74,5.84,11.32,8.11,6.31,12.08,11.46,14.36,16.15,10.64,8.31,9.46,9.35,10.79,8.8,15.35,9.34,8.48,11.05,8.87,7.7,11.13,6.28,11.28,11.0,5.14,10.51,7.59,8.61,10.25,9.31,13.81,11.19,9.8,5.7,8.66,7.94,3.62,11.67,9.06,6.04,10.67,8.18,11.47,16.66,11.44,10.5,8.6,11.94,8.12,8.28,13.63,5.23,12.5,11.61,9.13,10.68,17.51,8.47,7.41,12.19,15.47,11.39,8.81,9.91,6.7,10.54,12.61,4.92,11.01,11.17,14.81,9.8,9.17,8.08,5.92,1.73,6.22,5.58,6.33,10.15,13.51,4.77
sample_5,8.86,6.66,8.94,7.91,6.68,12.74,14.66,9.59,12.75,11.05,7.8,13.7,13.87,10.81,5.31,14.06,12.22,12.71,5.94,3.1,11.48,7.37,10.75,11.83,8.35,15.55,14.27,9.57,11.65,9.42,10.74,10.3,11.4,7.01,9.23,13.74,12.28,10.87,14.65,17.06,11.57,4.33,8.34,13.88,6.73,7.05,15.81,12.94,9.98,4.58,12.82,17.19,12.14,11.56,9.54,11.98,12.12,9.65,12.71,7.88,12.69,13.81,13.97,10.55,11.83,4.81,13.07,8.91,4.42,12.51,16.76,6.16,8.47,11.78,10.14,4.11,9.14,11.38,8.9,11.36,9.1,10.59,9.2,6.56,8.93,4.83,13.72,6.67,11.19,13.67,16.22,10.54,12.63,9.56,7.03,8.44,7.84,10.54,7.73,6.32
sample_6,6.12,9.77,9.34,10.39,10.38,8.96,8.91,13.07,14.63,15.46,4.79,5.26,8.41,7.2,6.56,12.01,5.99,8.85,11.28,9.73,13.96,7.46,11.62,4.22,5.39,7.32,10.59,13.5,6.67,8.58,6.93,4.5,4.17,11.7,12.8,13.44,9.18,8.5,12.5,6.32,11.29,5.53,9.42,11.39,8.71,1.55,15.47,10.75,14.46,3.97,7.57,11.38,6.82,8.49,9.8,9.71,10.84,8.94,10.35,3.96,9.26,7.19,6.41,14.11,4.32,11.74,10.69,14.31,11.64,5.66,3.93,10.12,10.3,7.01,9.27,7.05,13.23,8.64,9.3,13.96,7.49,11.7,9.36,11.97,8.33,7.19,8.22,7.16,8.2,10.25,9.69,12.46,6.92,7.52,10.43,14.68,9.54,4.07,8.26,6.88
sample_7,5.18,11.51,7.85,11.26,9.14,5.82,12.59,9.99,6.31,9.56,8.05,13.2,12.37,8.16,10.42,8.52,10.33,11.6,8.52,5.15,5.9,11.55,9.97,10.23,8.84,5.29,14.36,4.81,10.02,7.73,11.48,3.47,5.01,10.01,15.87,7.44,11.58,13.52,11.57,6.15,9.15,16.66,8.02,8.86,10.35,4.24,8.37,7.87,10.01,13.51,5.1,9.4,6.1,5.96,11.71,9.38,9.95,11.58,12.25,7.51,12.18,7.77,13.47,7.81,9.97,7.67,9.95,14.06,10.75,14.41,10.61,8.01,12.95,11.16,6.88,9.24,6.68,16.91,8.67,14.25,3.71,6.9,7.51,9.98,11.95,9.1,10.02,6.98,10.85,7.69,6.57,17.13,6.86,11.14,5.69,4.34,13.34,10.17,10.72,9.64
sample_8,12.87,4.63,9.36,9.6,9.12,7.41,13.2,6.73,11.88,7.08,2.49,6.92,10.43,10.69,5.14,6.9,10.39,6.3,4.54,8.5,11.11,6.43,11.02,8.19,12.71,10.66,13.51,12.18,6.04,10.18,7.95,5.95,12.42,5.19,16.76,9.73,8.54,9.51,12.38,8.17,8.75,1.0,9.8,15.72,16.66,12.1,8.4,7.87,16.87,13.77,9.27,10.0,13.14,8.18,10.54,13.63,5.71,5.18,5.69,11.33,7.13,8.37,15.47,13.92,10.28,10.16,16.37,14.22,3.75,11.5,4.66,11.23,6.51,11.64,6.5,7.89,7.76,13.31,4.36,11.73,15.77,6.22,8.84,12.04,6.36,11.41,10.84,12.07,10.16,2.08,9.98,8.7,9.97,13.67,8.83,16.15,12.51,15.04,11.23,9.13
sample_9,12.64,6.13,12.96,9.73,12.61,8.31,14.99,9.73,10.81,6.86,11.83,11.86,10.1,7.94,9.72,17.52,8.48,12.1,10.82,5.81,11.99,10.09,9.85,11.36,10.71,11.34,9.09,7.35,10.32,12.82,9.81,14.72,9.35,8.98,16.45,10.97,3.16,15.17,9.99,6.43,9.57,10.92,1.0,10.16,9.43,9.88,7.93,12.24,3.56,8.23,8.59,11.5,9.81,10.55,10.33,13.26,10.48,10.5,9.53,3.13,10.7,7.43,13.62,6.18,12.88,15.2,9.79,10.41,8.41,12.32,8.4,8.72,12.93,11.45,8.82,13.56,14.99,9.35,15.52,18.23,13.56,11.81,5.59,11.03,9.8,10.04,12.08,11.43,11.25,10.26,10.42,13.12,10.95,7.86,11.18,14.49,15.45,10.92,8.07,9.78
sample_10,8.95,9.03,7.78,8.41,13.06,10.94,10.16,17.23,8.79,11.86,8.42,8.33,13.06,2.64,12.41,15.34,14.1,15.5,3.38,13.17,9.42,13.23,11.63,13.51,8.13,9.02,5.21,4.18,18.82,12.56,13.74,9.75,11.04,11.81,7.82,10.24,9.31,9.05,6.42,10.18,8.86,13.06,9.72,7.88,11.34,12.41,8.27,8.51,5.39,10.6,8.67,6.1,13.97,8.57,14.17,13.93,18.96,5.53,8.59,6.14,10.93,9.57,12.17,7.9,13.26,10.99,5.93,16.81,8.74,6.29,6.23,10.51,6.22,7.62,10.47,8.51,10.91,10.17,7.84,7.5,10.65,10.89,5.69,14.54,9.69,9.23,11.75,13.62,9.54,13.02,8.97,5.12,10.89,13.22,8.45,9.31,13.15,10.48,10.25,3.91
sample_11,9.79,6.84,19.83,9.49,10.3,10.85,14.24,12.13,9.98,10.19,12.78,10.47,13.07,15.56,11.42,4.99,14.8,9.48,12.59,15.57,7.64,5.94,10.75,14.59,12.96,5.99,7.54,11.95,15.12,12.28,13.45,10.16,18.03,8.19,10.7,10.91,11.12,6.85,8.28,10.49,10.66,13.02,7.71,9.15,7.58,9.46,7.81,9.91,8.29,11.56,2.08,7.82,12.33,13.52,9.54,10.07,8.3,18.36,11.37,13.29,8.35,11.02,5.9,9.38,7.69,13.61,11.85,5.84,9.95,9.56,5.32,8.37,8.71,6.63,7.08,7.83,15.68,11.06,6.09,9.13,8.56,11.73,7.0,13.46,9.7,7.5,6.66,14.41,11.76,9.32,8.84,6.83,17.19,9.76,12.26,7.58,8.77,9.07,7.12,13.04
sample_12,8.57,12.58,8.67,6.67,13.64,13.88,9.69,15.27,9.12,9.94,13.42,5.25,12.94,5.61,10.59,16.45,10.26,9.57,12.1,15.13,12.94,11.41,10.18,11.34,8.29,12.21,8.04,4.46,10.84,8.84,9.9,6.6,11.44,5.83,8.76,1.33,10.05,10.97,5.41,8.24,11.04,8.38,6.84,12.47,7.2,6.12,10.9,5.14,8.2,13.18,11.51,8.85,14.02,9.55,15.03,11.41,8.28,15.46,15.33,8.4,7.38,10.72,9.98,10.69,17.48,11.7,4.91,14.92,10.51,5.89,10.71,5.32,10.59,6.58,6.78,2.45,11.5,10.95,11.15,14.96,9.24,12.51,14.36,10.41,5.3,14.28,8.68,8.88,8.95,6.72,14.99,12.35,11.54,10.26,10.73,9.47,11.77,10.04,11.52,8.43
sample_13,13.43,7.59,7.6,15.51,10.71,11.71,13.26,14.25,13.04,12.7,7.22,10.54,5.58,11.77,12.71,15.32,10.05,8.27,12.29,8.25,5.54,12.18,9.51,9.58,10.53,6.37,10.84,11.37,14.17,6.46,6.9,6.21,13.51,7.46,7.68,10.3,9.43,16.1,12.94,10.62,9.12,11.57,12.73,11.23,6.23,14.01,8.86,10.82,11.81,11.03,14.71,12.77,9.01,8.31,13.14,17.22,10.13,10.93,3.7,12.76,8.23,11.16,8.04,10.92,9.38,6.48,11.37,9.79,5.94,10.09,9.42,14.36,11.39,13.03,9.8,10.78,5.66,14.54,3.81,14.39,10.37,12.03,5.26,5.77,6.64,13.89,11.15,8.19,10.43,8.98,5.45,14.79,7.8,12.78,11.8,16.1,6.99,11.93,6.13,6.49
sample_14,8.6,10.07,10.62,8.25,12.31,7.02,8.17,3.54,13.51,8.67,11.05,6.09,13.16,6.76,12.54,13.17,11.01,9.5,7.97,14.39,11.46,13.03,13.94,3.43,11.25,6.71,11.78,4.76,9.49,11.25,13.19,4.3,12.23,11.29,11.75,3.54,7.69,12.61,8.25,14.23,9.15,13.61,13.37,10.65,11.16,10.15,8.95,7.99,12.57,9.25,8.14,8.11,2.85,8.95,9.61,6.94,10.14,13.29,8.53,9.43,7.33,11.88,10.83,7.32,8.7,14.88,7.58,6.59,13.59,10.3,11.59,11.79,2.94,7.48,11.04,12.26,8.95,9.14,6.65,10.07,15.0,6.04,6.37,11.54,4.55,10.32,10.16,10.29,5.42,9.98,10.75,10.29,4.38,10.56,8.02,11.41,8.83,10.49,6.43,10.71
sample_15,13.38,9.83,8.56,12.77,11.32,9.15,12.89,10.93,7.33,12.93,12.44,4.48,12.95,6.97,9.34,5.09,6.93,12.21,9.31,12.64,10.8,9.61,10.28,15.64,10.97,7.14,13.28,10.37,11.04,7.49,11.12,10.26,11.26,6.93,13.11,8.66,6.96,12.1,10.11,9.53,11.4,8.85,9.82,3.71,8.71,9.19,13.44,12.95,3.97,5.24,18.12,13.36,11.62,10.29,7.53,4.67,10.74,7.66,10.16,5.21,10.89,10.53,8.81,8.44,12.67,13.77,10.19,13.33,9.1,8.52,13.21,13.42,8.54,7.06,5.49,7.02,6.92,11.77,13.72,8.64,11.56,8.25,7.83,18.57,6.76,10.84,7.74,8.65,11.67,5.86,14.71,7.91,5.01,9.67,3.83,11.69,5.82,8.13,6.85,7.12
sample_16,11.87,3.79,7.91,12.74,8.36,12.71,10.56,11.45,10.34,12.34,7.19,11.2,8.22,6.74,5.99,9.43,9.51,7.51,7.38,10.28,12.54,8.59,7.87,6.12,11.67,13.65,7.04,6.34,15.32,7.77,14.59,12.67,11.34,11.99,6.97,13.38,8.61,4.52,11.01,3.19,10.8,10.75,9.37,6.25,17.02,10.55,7.79,9.22,12.11,8.46,12.14,8.39,7.7,6.94,7.67,8.25,12.93,4.91,12.19,7.68,12.03,9.41,12.7,9.82,14.35,14.24,9.41,15.73,8.5,13.92,9.6,11.94,14.0,12.53,11.88,11.01,10.75,10.95,6.49,13.46,9.52,15.85,12.41,15.42,3.76,12.96,8.45,7.59,2.51,5.09,11.05,10.57,7.3,11.34,7.65,9.31,10.49,9.95,15.1,9.12
sample_17,9.85,10.58,8.23,7.17,7.81,5.64,11.55,12.62,11.05,6.79,14.43,4.63,1.0,7.93,8.25,11.69,8.71,8.56,6.77,11.28,8.89,8.46,14.01,7.14,9.91,10.39,5.71,7.74,7.89,6.43,11.98,6.46,7.36,11.96,11.56,4.41,3.18,8.5,10.8,10.49,9.55,11.31,1.93,13.4,10.47,12.01,7.66,8.12,13.17,8.57,9.76,6.41,11.59,8.17,17.95,13.73,7.69,5.35,12.66,8.93,7.12,11.31,8.54,10.55,9.96,11.09,11.55,12.34,11.78,14.69,5.21,2.74,6.79,13.42,9.4,9.75,12.02,9.97,13.78,9.14,10.29,13.85,11.19,7.85,10.21,13.17,13.67,15.72,11.96,11.1,12.82,12.02,11.28,15.23,17.68,10.4,12.14,5.28,8.71,8.4
sample_18,13.36,7.62,4.44,14.26,4.81,10.77,10.22,11.16,12.22,9.81,12.38,9.51,10.76,9.64,6.82,14.87,10.19,5.79,8.37,9.15,8.5,11.57,12.04,9.29,10.73,10.52,7.3,12.57,10.58,10.86,7.5,17.25,11.56,6.74,13.73,13.08,10.52,9.84,13.25,6.28,6.66,15.52,11.38,9.15,11.14,12.87,11.41,13.06,8.72,9.68,12.82,5.67,12.5,9.92,11.21,7.66,5.36,8.56,9.79,10.48,8.96,8.46,7.31,11.81,6.59,10.86,8.98,10.67,6.83,6.73,8.36,12.83,10.84,11.03,8.66,16.88,11.02,9.55,5.96,13.01,7.63,7.62,9.09,7.06,10.29,8.81,10.98,12.65,15.17,8.95,8.72,9.02,8.12,13.61,15.92,14.33,10.58,11.94,10.87,11.34
sample_19,8.98,4.93,12.02,8.31,7.84,5.81,12.23,8.29,9.04,4.24,7.2,10.8,10.83,10.51,11.68,17.23,10.86,8.96,13.08,11.76,10.54,12.64,11.84,7.74,8.39,7.72,14.11,11.98,13.52,8.45,9.67,5.6,5.66,10.4,9.45,8.44,4.0,9.84,10.01,7.09,11.8,10.92,7.36,14.76,15.88,9.02,11.0,11.01,6.89,14.23,15.52,11.58,13.9,12.82,14.7,11.97,11.28,13.03,8.52,10.99,14.19,12.23,10.59,3.26,8.6,11.33,7.15,12.62,9.58,6.99,8.57,13.1,13.96,4.33,11.96,5.6,9.53,8.67,15.59,8.07,7.31,4.28,14.62,16.46,10.01,12.93,14.66,6.89,13.07,7.73,11.11,9.46,10.1,10.54,9.06,12.11,11.89,2.37,9.26,6.67
sample_20,8.67,11.15,10.37,10.61,11.83,11.32,11.05,7.46,9.05,14.96,14.22,13.14,13.35,12.38,13.34,6.74,14.1,14.76,10.91,10.21,15.34,11.73,10.94,10.05,7.87,14.57,9.81,12.69,11.81,11.76,11.19,15.47,12.49,5.87,7.0,9.12,11.75,12.99,9.64,10.69,16.08,12.98,12.39,7.68,5.38,10.41,13.84,9.27,12.29,10.38,12.57,9.67,4.11,8.23,13.67,10.91,5.65,10.33,8.98,11.57,9.61,8.76,13.73,16.06,9.17,11.73,9.76,11.65,9.43,4.79,7.11,12.94,14.1,9.07,16.31,8.72,14.15,12.82,7.8,6.61,7.14,11.35,15.66,8.07,13.72,10.17,5.95,18.45,7.98,14.08,15.29,10.79,10.52,7.72,9.92,8.84,10.06,12.54,10.55,7.11
sample_21,9.53,14.4,12.54,10.32,9.04,4.06,10.63,11.03,7.93,3.56,8.79,11.59,12.66,11.85,13.73,14.42,12.62,10.9,8.72,10.87,8.93,12.79,9.55,9.75,12.9,13.51,14.23,13.79,8.14,8.03,7.31,11.01,12.52,9.1,7.3,9.7,10.05,10.9,8.66,8.64,12.47,8.39,8.76,10.32,7.31,8.22,5.56,9.36,12.67,5.64,9.76,11.49,11.64,10.39,9.15,8.94,8.11,11.12,7.17,9.55,4.1,4.5,11.56,11.64,13.47,11.72,10.94,4.35,6.36,10.77,9.24,8.92,10.46,11.12,16.73,9.03,7.72,11.3,11.53,7.77,10.72,15.15,12.44,13.25,9.85,16.23,9.62,8.12,3.67,11.16,15.75,14.72,9.58,13.26,13.92,11.9,8.61,14.62,6.88,5.61
sample_22,13.27,7.92,11.67,8.25,3.61,12.58,10.98,14.11,5.93,10.11,12.27,14.16,3.18,5.2,8.99,15.38,11.08,9.62,5.49,7.32,8.97,6.06,7.72,11.42,7.18,11.35,8.4,11.25,8.22,7.97,6.65,5.84,13.3,8.79,7.62,7.58,6.63,8.4,14.0,8.83,7.91,7.43,10.24,10.8,10.93,11.51,9.11,15.25,17.74,9.64,6.98,4.72,10.45,8.22,17.99,6.93,16.91,10.56,4.8,7.75,11.79,7.95,9.83,7.05,14.16,10.52,12.3,17.33,13.99,4.28,11.17,14.14,10.86,13.94,10.79,8.16,11.88,10.38,11.46,11.67,8.35,9.94,8.42,10.41,10.02,8.88,6.99,12.39,14.6,12.63,14.29,7.31,9.71,9.6,10.98,11.17,5.92,7.3,7.64,7.95
sample_23,15.87,9.14,15.45,10.42,8.79,4.78,12.36,10.59,9.48,9.65,6.98,11.57,14.7,8.06,15.28,11.15,6.52,9.65,11.17,12.63,13.0,9.58,7.91,9.66,9.95,5.25,14.67,8.99,11.54,8.8,11.23,10.56,4.51,4.08,11.08,10.1,13.43,6.53,12.98,14.33,4.81,10.86,10.51,10.61,10.18,7.99,17.0,6.53,5.0,11.17,10.36,13.52,12.53,11.91,13.8,9.82,14.64,15.1,7.96,11.9,10.09,9.97,13.05,12.86,11.88,11.55,8.77,7.75,5.59,5.01,10.02,7.94,10.02,10.41,13.56,10.33,9.97,3.83,6.99,6.39,13.27,10.44,4.88,9.51,11.34,9.33,11.32,7.1,9.72,8.39,13.78,15.79,11.85,11.56,7.34,13.26,9.05,10.95,12.21,13.02
sample_24,10.53,12.12,9.09,6.24,9.3,9.03,7.98,15.23,15.71,9.02,6.53,11.34,15.64,7.83,7.18,11.51,7.76,6.42,10.88,9.25,7.64,8.71,8.13,5.28,11.07,12.51,5.92,8.17,11.06,13.85,16.05,8.52,14.49,12.7,5.97,12.08,14.12,9.24,11.06,9.14,6.62,10.1,9.42,10.4,11.51,9.39,13.07,3.36,12.36,12.32,10.68,7.92,7.46,5.14,5.88,8.92,14.19,6.42,9.87,11.16,10.14,15.95,9.98,7.44,6.33,11.02,11.37,8.02,10.85,9.94,11.42,9.69,8.67,6.84,11.3,12.41,12.56,9.3,9.14,6.2,13.18,10.78,9.84,9.46,10.51,14.33,4.26,14.94,10.98,7.86,4.57,9.29,17.84,12.4,9.09,7.73,10.04,6.64,13.33,10.78
sample_25,5.22,8.98,6.12,6.69,1.2,12.06,8.69,10.15,9.88,11.59,9.63,12.6,9.35,10.3,6.73,9.66,7.84,9.07,15.15,6.87,9.1,10.19,12.22,9.39,9.36,7.66,13.65,13.65,16.13,8.23,10.52,11.58,5.27,6.37,5.77,3.26,10.14,11.59,9.71,10.26,7.96,6.16,13.13,11.0,12.89,9.98,18.48,11.3,12.52,10.1,15.08,11.44,13.67,10.85,10.93,3.26,11.62,5.28,15.38,11.93,9.39,15.5,10.03,12.24,10.03,16.85,13.61,10.43,12.02,7.2,8.7,12.12,2.39,15.94,9.85,6.82,9.45,8.57,11.05,8.58,11.05,5.96,8.75,18.94,10.75,3.08,4.23,8.6,5.3,10.64,9.66,14.72,9.63,12.51,4.82,10.99,9.3,13.6,9.94,13.29
sample_26,3.7,5.25,5.12,8.09,10.77,7.57,8.05,15.03,7.71,11.65,11.48,12.51,14.27,7.72,7.27,7.46,11.3,15.07,13.61,9.44,12.7,13.02,10.26,10.94,8.75,10.45,10.14,8.33,10.14,11.11,16.17,2.42,11.51,6.16,4.96,6.52,9.07,11.04,14.86,10.3,8.3,8.46,8.91,6.32,14.07,8.38,10.24,3.0,11.13,12.81,10.59,3.98,9.81,14.12,10.86,11.08,12.3,11.3,14.98,6.76,14.51,8.48,10.69,5.93,10.75,11.57,7.31,13.42,8.37,10.61,9.71,12.26,9.61,9.15,5.79,8.02,8.57,11.66,10.82,10.44,9.6,4.8,8.7,12.01,14.56,14.91,9.28,10.95,8.05,5.61,12.27,2.56,6.58,3.67,15.07,9.1,13.15,12.49,6.84,12.0
sample_27,12.31,13.81,13.03,13.03,10.26,10.32,8.6,8.01,11.76,14.36,14.44,10.2,10.54,8.52,11.11,11.71,9.72,10.46,13.62,11.84,13.99,10.56,12.38,10.1,10.26,3.66,20.0,11.55,6.15,12.06,12.09,6.74,14.84,7.84,10.55,8.06,14.83,9.27,8.67,10.79,8.2,11.76,8.33,10.68,9.85,7.25,10.25,12.94,12.16,8.18,6.03,8.87,6.1,14.4,9.74,10.42,10.51,10.53,11.42,7.11,8.58,10.26,15.12,8.47,7.72,7.42,9.54,9.24,5.86,13.32,6.88,6.21,11.58,10.87,9.82,10.17,8.16,10.92,14.93,11.76,8.84,10.23,11.67,8.57,12.93,9.7,12.08,12.19,12.81,12.21,10.3,7.46,13.34,15.27,15.33,10.83,11.73,9.02,13.6,13.42
sample_28,12.12,9.78,15.53,11.09,14.81,15.77,13.36,5.38,13.68,10.54,9.41,12.64,9.97,14.91,8.42,9.62,7.13,11.99,4.65,8.03,8.9,13.68,6.61,12.05,9.09,10.31,9.15,11.85,12.64,13.24,13.32,9.96,7.3,9.02,12.88,10.1,9.84,13.49,7.91,9.9,8.73,11.33,7.47,8.19,10.55,7.41,9.31,13.08,10.64,6.44,7.28,8.07,12.29,6.61,9.27,13.53,6.06,12.91,14.93,10.15,14.12,8.03,7.71,15.23,8.97,10.01,11.43,10.24,9.01,11.74,4.93,9.03,8.92,12.87,11.5,9.19,14.62,8.84,6.54,6.88,9.75,14.87,16.33,10.83,14.91,10.13,11.96,9.21,16.09,8.78,11.99,8.97,11.26,17.82,13.47,13.16,11.39,5.79,9.63,10.27
sample_29,9.39,8.68,15.76,8.96,11.73,10.08,14.51,12.58,8.74,7.22,8.59,9.8,6.45,13.95,12.17,10.66,6.51,5.14,9.93,13.45,13.19,11.5,12.25,7.45,10.07,15.93,6.53,14.42,13.94,8.25,9.57,13.51,9.16,11.48,14.38,12.28,11.12,10.38,6.75,9.2,12.82,9.98,14.54,11.05,14.65,7.1,9.72,13.15,6.92,10.05,10.72,9.72,14.09,12.34,10.09,10.72,12.21,6.99,10.73,10.29,14.3,9.45,11.13,15.91,9.6,7.91,8.07,8.78,11.07,7.86,8.48,11.45,7.61,8.65,5.43,6.2,11.45,11.41,17.45,7.91,10.91,6.18,3.88,12.47,5.5,9.43,9.64,6.78,11.05,15.18,10.16,11.37,8.98,11.93,8.55,6.41,12.43,5.52,11.27,7.35
sample_30,7.92,11.76,9.71,11.76,11.44,7.59,12.79,6.64,9.06,10.41,8.44,9.56,14.48,8.22,9.35,7.57,11.76,8.96,12.86,7.71,7.36,6.54,11.2,9.66,10.5,12.24,14.82,11.01,11.21,6.71,14.19,14.18,9.66,7.26,12.98,14.39,18.06,8.96,9.96,9.62,10.49,7.72,8.7,9.7,9.57,7.39,5.26,11.61,14.52,11.16,10.58,9.25,9.65,11.35,6.04,8.46,4.81,10.47,7.93,6.0,12.33,7.91,8.13,14.63,12.79,4.46,12.56,11.43,9.62,9.49,6.43,13.98,12.98,8.06,7.73,13.76,13.76,7.48,8.08,9.79,10.42,7.3,11.65,12.85,13.59,9.58,8.63,6.83,8.73,5.58,13.53,10.09,7.49,11.54,11.2,8.56,11.02,8.6,12.6,8.22
sample_31,13.43,9.85,8.29,7.1,10.19,9.1,16.61,15.73,8.5,11.2,8.79,11.97,10.77,8.02,10.94,5.7,12.25,7.24,10.2,10.75,9.31,6.16,9.03,7.63,4.69,1.0,8.17,8.6,13.82,9.32,11.69,10.98,12.73,9.67,9.59,11.8,6.66,17.24,11.16,11.11,17.22,10.84,13.08,9.05,11.55,6.75,13.03,10.76,10.32,8.1,8.1,10.37,19.64,15.19,11.0,16.1,10.09,13.12,13.32,10.8,5.05,11.37,10.4,5.67,13.23,14.55,7.38,10.18,10.64,8.72,6.79,10.4,10.91,7.09,8.3,10.68,11.62,6.91,12.51,9.52,12.54,7.98,6.88,9.33,10.24,8.83,12.53,13.76,10.8,11.24,13.8,8.27,11.17,5.17,11.91,7.87,14.23,16.49,9.58,10.0
sample_32,10.07,12.07,8.3,11.84,4.7,5.61,12.85,1.0,10.2,9.58,10.4,12.44,5.34,6.87,17.03,13.58,2.96,4.26,14.35,6.37,12.57,12.29,8.09,7.85,5.41,11.76,12.75,9.64,12.41,15.41,14.43,15.05,7.55,14.27,14.79,15.73,8.26,4.25,10.9,8.42,11.33,4.89,12.82,13.78,11.89,9.54,10.42,12.19,5.65,10.0,10.64,16.79,13.98,9.81,10.02,7.33,13.41,9.08,8.63,12.75,13.78,13.2,9.31,12.16,11.5,14.03,12.02,13.97,8.06,9.8,11.39,14.96,18.92,15.98,10.46,14.9,5.47,11.78,6.6,8.0,9.5,10.61,10.08,10.09,10.32,13.13,13.0,13.79,9.21,8.83,12.35,12.84,5.64,10.55,6.01,5.68,11.65,14.94,8.69,10.96
sample_33,13.71,12.48,15.95,13.89,12.23,15.1,6.72,7.6,9.2,10.7,12.33,16.32,11.65,8.35,10.45,8.41,8.46,8.72,9.71,7.43,7.65,7.16,11.93,13.5,13.07,9.59,8.68,9.31,7.99,11.23,12.23,9.82,5.36,10.44,11.22,11.87,6.1,7.87,8.68,8.28,10.84,12.35,13.58,16.97,9.48,11.77,7.1,8.63,9.19,11.47,15.79,8.23,8.04,8.23,11.77,14.6,12.63,4.91,7.8,17.02,6.73,16.94,7.1,4.68,12.02,7.74,3.85,9.4,5.95,6.56,9.5,9.36,12.21,8.46,3.04,12.9,14.94,14.97,11.51,12.47,12.76,5.61,9.2,12.13,13.75,8.23,7.63,6.46,9.95,5.45,7.89,8.11,10.68,8.55,9.15,12.71,11.52,12.55,10.43,10.62
sample_34,9.49,11.26,7.63,13.25,12.36,10.12,6.71,10.24,10.17,11.24,10.62,8.25,5.07,10.01,12.26,14.01,7.54,7.67,10.1,14.63,3.81,12.23,10.22,13.23,12.94,8.82,9.71,8.92,6.84,10.01,7.65,14.39,3.77,11.21,9.09,11.24,10.74,12.53,9.92,7.91,10.52,8.35,9.66,10.11,10.27,9.69,9.71,5.68,3.71,6.32,9.46,5.71,9.08,6.96,9.35,1.0,14.14,13.44,14.1,8.3,8.6,9.73,16.54,8.66,12.99,11.78,9.96,12.79,7.08,11.17,13.93,2.03,11.48,6.12,5.76,8.62,12.04,9.42,8.15,6.4,11.67,4.06,6.63,11.26,7.79,6.27,12.66,14.13,6.93,6.83,8.7,10.22,11.42,14.61,9.66,5.77,2.22,13.14,12.46,7.27
sample_35,8.56,13.53,7.25,7.01,12.27,8.64,7.41,13.07,9.46,9.62,11.18,8.75,13.37,13.57,6.28,14.55,13.84,18.5,3.5,12.13,3.37,5.03,13.57,15.46,10.34,8.26,9.8,6.16,7.52,10.91,6.33,6.39,10.13,8.07,9.68,10.4,9.04,12.73,10.23,10.22,12.61,9.42,11.72,9.46,8.68,18.84,12.93,12.37,13.37,14.82,12.53,10.03,8.02,13.33,3.97,14.41,11.81,8.19,3.35,13.15,10.32,14.66,6.85,11.7,2.98,12.17,14.42,13.98,11.69,10.94,10.56,15.13,14.96,8.17,14.18,6.99,7.28,6.89,2.95,9.82,8.41,9.62,8.57,12.45,13.56,9.8,11.68,9.76,7.11,12.31,5.69,4.54,13.34,10.94,14.05,9.91,14.41,7.45,12.58,14.47
sample_36,13.28,14.44,7.43,5.73,3.99,6.3,7.12,9.91,13.75,8.1,10.04,7.96,14.89,9.17,12.53,10.73,12.71,4.47,6.68,13.32,10.63,11.1,11.14,7.25,9.64,1.71,8.4,11.14,6.5,6.03,7.43,10.78,10.79,4.37,12.64,13.41,5.2,8.89,9.49,10.9,12.74,11.3,10.11,12.58,9.98,8.31,6.31,15.84,5.09,9.49,9.61,14.82,9.05,7.15,14.55,11.1,11.87,16.78,15.79,12.7,9.51,11.15,12.21,11.8,9.14,11.98,12.52,11.81,9.26,11.0,11.85,9.28,19.01,9.79,9.26,12.98,14.31,5.71,9.34,11.45,10.22,14.18,7.48,8.5,10.43,9.82,7.55,11.3,12.4,8.94,11.16,7.58,10.23,13.39,11.49,14.33,16.77,14.66,8.19,9.94
sample_37,6.24,10.99,8.44,9.93,8.98,13.62,12.17,3.47,13.27,14.26,9.86,8.81,7.67,10.44,12.88,13.15,12.85,11.37,7.27,5.97,10.3,12.59,13.14,10.37,17.55,10.16,8.78,11.24,8.54,7.47,9.49,12.57,6.61,9.6,4.77,11.85,5.1,6.92,13.44,11.18,15.07,9.39,6.81,9.18,5.56,9.97,5.58,8.84,11.02,4.78,9.4,9.26,2.16,12.97,7.37,13.39,13.3,10.2,12.99,7.5,12.5,15.25,7.55,10.97,5.86,5.75,12.15,9.01,8.44,12.61,12.61,2.24,8.84,10.92,8.66,14.23,5.19,13.27,12.03,11.33,17.48,11.31,10.78,10.84,3.44,8.78,9.6,10.16,5.95,13.42,8.02,12.64,7.44,8.04,8.52,9.94,13.01,11.88,12.1,9.02
sample_38,6.93,10.17,9.0,11.09,8.52,9.02,6.23,9.01,8.48,12.79,13.47,5.29,7.71,7.71,9.69,11.04,10.14,8.17,9.67,10.27,12.09,8.45,10.78,9.82,9.41,8.22,12.01,8.5,11.33,12.97,10.01,7.84,4.41,9.62,7.09,14.25,3.41,10.7,10.71,9.23,5.91,13.37,11.62,12.13,10.49,6.63,9.22,7.32,10.45,10.29,10.76,10.56,6.08,15.65,9.87,6.42,9.23,2.45,12.25,6.73,11.01,9.04,14.43,10.8,9.73,8.53,8.08,7.97,9.33,9.84,3.39,8.58,9.48,12.11,8.53,6.5,10.23,11.31,12.33,10.02,11.38,10.54,10.08,3.85,12.83,11.07,8.04,13.89,8.65,8.49,11.94,11.13,8.16,5.31,8.21,6.95,10.22,9.98,7.31,9.3
sample_39,9.56,10.49,12.6,9.98,7.92,8.7,3.17,8.75,10.64,10.24,9.29,9.81,9.38,8.07,10.63,9.59,8.2,9.45,13.5,9.16,12.9,11.97,12.1,10.34,13.88,12.61,11.39,12.42,12.03,10.6,12.45,13.29,9.61,3.2,9.09,9.36,5.58,7.39,8.15,10.16,9.87,11.87,9.24,6.81,12.0,12.48,10.9,12.82,7.26,8.31,10.57,11.15,16.07,6.28,14.3,6.52,10.77,11.18,7.36,7.61,5.9,1.91,14.2,8.63,12.11,11.02,13.88,9.31,11.61,9.94,7.0,12.28,10.31,13.54,4.67,9.46,7.77,5.91,9.7,12.53,10.7,13.2,10.48,12.04,9.47,7.83,12.05,3.74,8.35,9.46,10.0,7.62,9.17,18.13,11.48,7.52,7.92,3.82,13.8,9.17
sample_40,7.53,11.61,13.05,12.19,8.75,10.57,6.44,10.43,5.31,5.59,6.42,11.61,8.35,6.93,14.41,16.15,10.07,1.0,4.36,11.63,5.92,12.51,8.16,10.99,9.61,12.49,10.16,5.26,11.91,15.6,3.4,9.38,7.36,8.64,10.65,8.14,10.31,14.84,8.53,10.61,6.58,8.38,11.59,14.75,12.93,10.6,9.76,9.79,8.21,8.65,8.97,8.86,10.82,4.81,15.84,12.3,13.2,11.66,10.77,9.22,6.78,9.81,10.52,8.93,10.52,10.76,16.27,3.95,9.56,9.76,10.57,14.02,7.28,11.33,13.65,3.73,11.45,7.99,6.21,8.68,9.53,7.21,13.64,12.85,15.38,14.73,11.54,11.66,10.4,7.53,12.15,9.44,1.0,7.7,7.57,6.49,6.16,10.7,7.1,5.18
sample_41,7.73,10.52,11.12,6.9,12.89,6.4,6.61,12.91,10.08,4.97,6.68,14.87,9.64,7.67,9.82,6.82,13.49,12.1,10.38,10.07,8.4,7.3,4.49,9.98,10.09,8.28,9.81,9.24,4.84,7.3,9.39,8.8,8.96,14.76,9.47,7.2,6.53,7.76,13.19,11.64,9.13,12.31,8.41,12.6,5.34,11.39,11.97,12.52,11.92,10.18,4.12,10.63,12.95,12.64,10.73,8.11,9.18,9.57,15.06,9.98,10.23,4.94,5.73,11.73,9.11,11.1,4.48,11.18,10.16,8.41,13.91,12.5,9.53,11.9,7.85,8.62,6.02,12.12,11.63,7.69,9.56,8.56,9.25,9.43,13.48,7.33,13.18,9.34,12.03,6.43,8.81,8.67,18.4,6.12,7.03,11.2,15.89,7.89,4.61,16.92
sample_42,6.45,9.54,12.17,16.13,12.31,11.74,9.92,9.03,12.61,6.54,10.93,8.26,13.55,12.05,12.68,7.66,4.67,14.86,5.18,9.3,11.39,9.43,10.96,8.94,12.47,13.05,9.54,9.47,12.8,12.19,6.31,8.76,9.29,7.97,11.81,11.49,11.47,9.69,9.72,9.66,11.03,3.11,13.65,1.52,8.07,8.33,6.5,7.29,14.81,8.32,9.03,6.87,11.47,3.66,6.41,9.89,10.55,8.71,8.15,10.93,10.15,12.46,7.82,12.97,7.6,10.16,9.6,5.83,9.23,11.64,10.92,5.9,9.12,13.12,13.46,10.22,14.69,12.05,12.1,8.1,20.0,12.1,9.58,6.09,9.22,7.27,2.63,5.59,13.69,7.96,7.17,13.68,7.15,10.05,4.62,17.82,11.63,9.95,6.03,10.06
sample_43,10.98,7.44,8.82,11.35,7.59,8.65,7.35,12.08,10.99,11.56,7.38,8.6,15.53,10.34,10.97,8.98,5.16,12.79,9.45,8.7,12.19,2.94,13.57,14.13,11.35,5.52,12.21,6.17,8.52,9.32,12.08,6.62,10.57,11.95,7.94,13.43,10.45,8.72,8.95,9.42,14.98,14.3,14.43,13.06,11.34,8.85,5.69,10.44,8.89,6.58,13.48,11.12,10.24,7.92,10.28,14.04,7.95,6.85,7.39,14.05,15.22,13.09,10.37,7.22,11.18,12.27,6.09,8.81,14.16,12.37,8.83,8.86,13.49,12.46,11.0,14.11,5.29,13.29,7.99,5.73,6.19,9.85,14.52,9.1,7.16,13.55,12.07,14.54,10.16,2.87,13.02,19.27,14.54,7.48,10.97,9.01,12.19,14.23,9.72,13.92
sample_44,13.81,7.54,8.15,10.54,8.59,8.31,12.85,6.14,12.33,9.92,4.49,12.71,8.86,12.58,12.27,15.71,16.1,8.36,12.15,13.49,13.55,5.57,12.58,9.37,11.62,9.21,10.22,7.83,10.27,8.51,10.15,10.86,11.36,9.21,10.13,12.28,10.79,6.6,7.9,9.92,9.98,9.49,11.72,13.83,15.16,9.48,11.99,15.21,7.72,7.78,5.93,6.98,15.35,5.31,12.51,10.13,5.65,9.88,8.39,10.75,6.78,7.44,5.74,13.43,11.91,12.69,10.48,14.21,7.34,10.32,13.46,10.71,8.9,6.52,10.22,7.13,5.65,11.96,9.18,8.91,8.79,8.54,11.3,12.52,8.88,11.98,10.83,1.0,7.11,7.0,12.17,13.4,13.83,5.82,7.36,12.06,12.04,9.98,3.94,10.84
sample_45,11.47,11.05,7.46,8.34,10.06,11.34,8.44,10.34,9.43,8.22,7.05,5.08,10.08,11.81,10.23,9.73,9.29,5.52,8.94,11.44,8.42,9.88,12.17,10.8,5.72,9.92,17.32,10.85,11.41,12.0,10.4,11.59,14.54,13.01,13.46,6.13,8.14,9.42,5.23,8.31,11.6,14.63,11.28,13.81,6.0,10.42,13.65,9.33,10.93,11.26,10.07,11.47,2.82,5.48,12.28,10.45,11.07,6.66,11.82,9.8,9.95,10.59,9.81,13.38,8.17,5.77,12.07,12.93,4.82,11.39,6.84,13.11,10.27,14.62,6.84,13.68,12.26,15.17,7.86,8.23,10.59,5.81,10.56,11.66,6.23,11.24,10.74,9.73,11.66,8.48,10.58,8.6,12.03,10.8,9.45,10.14,11.25,10.1,10.37,1.0
sample_46,6.17,9.55,10.63,9.11,11.36,6.69,16.88,15.12,13.25,8.49,9.69,14.13,9.7,14.63,7.24,7.92,8.6,19.91,12.58,11.73,9.69,6.15,6.5,8.05,14.25,10.11,6.16,11.43,12.05,8.66,14.23,12.02,14.91,8.39,3.62,11.77,13.52,3.26,13.06,8.96,12.36,13.33,12.18,6.05,7.03,8.98,7.56,13.71,12.54,9.24,7.38,8.87,4.9,14.21,11.18,5.24,8.71,8.16,7.55,9.71,10.66,3.88,8.09,10.06,7.63,16.22,11.07,8.46,9.86,12.56,13.62,8.1,9.88,9.6,16.94,5.21,13.08,16.08,15.17,10.64,10.33,8.19,9.88,8.65,5.45,7.27,12.88,8.58,3.74,4.86,10.41,15.43,11.3,4.38,11.3,12.59,10.63,9.94,6.84,7.22
sample_47,7.41,13.69,8.21,10.28,10.45,13.77,6.09,12.08,11.64,4.2,7.47,10.88,4.16,9.97,12.59,15.19,4.15,4.46,13.98,5.22,6.42,16.61,6.74,12.95,9.39,6.18,5.51,14.79,8.18,10.82,12.5,6.94,14.58,4.1,8.96,5.0,12.36,8.77,10.98,11.24,9.21,11.39,13.04,14.24,9.78,11.74,9.73,11.26,11.74,4.49,11.29,13.75,8.94,8.91,10.14,4.86,10.89,7.74,12.37,8.54,9.15,18.07,4.26,8.59,11.35,10.04,10.67,8.18,5.82,13.61,11.24,8.69,7.42,15.51,7.12,7.23,9.2,9.6,4.1,13.45,9.93,12.67,10.29,6.11,12.23,6.02,7.87,16.13,8.44,8.56,6.8,7.98,7.96,12.55,10.41,8.54,10.21,14.7,7.31,4.37
sample_48,8.39,11.83,8.71,11.86,13.15,12.05,12.41,12.84,12.93,11.45,10.44,14.8,12.39,9.91,10.52,1.0,14.9,5.57,14.2,7.06,6.76,10.17,12.08,16.83,9.2,10.91,14.07,3.83,11.85,7.15,4.86,10.59,11.34,17.32,17.54,11.31,9.39,11.69,12.11,12.79,5.61,13.77,3.52,6.37,13.65,6.11,9.15,13.32,6.59,11.72,6.7,12.45,10.33,4.09,10.04,15.27,3.22,8.77,9.05,7.58,14.5,10.59,9.98,4.7,13.1,13.27,8.3,8.02,13.63,10.05,18.04,11.71,4.82,6.45,9.13,13.21,13.78,6.8,13.56,13.41,13.83,10.12,9.17,10.25,10.49,14.52,11.1,10.97,10.49,15.1,11.07,10.81,13.87,8.25,11.04,9.69,7.72,15.15,9.49,11.91
sample_49,12.21,3.81,10.15,10.01,10.28,9.0,6.09,15.51,15.65,7.47,10.91,13.15,15.99,8.76,15.15,7.66,8.36,6.21,4.5,8.33,8.66,10.55,5.78,10.78,14.14,15.11,14.34,15.06,11.67,6.53,4.93,2.66,4.01,8.73,11.33,10.4,14.88,8.92,5.13,4.54,13.59,11.01,8.55,10.23,10.37,5.85,12.88,10.99,8.01,7.56,7.52,11.35,9.07,11.44,4.14,11.2,10.56,9.04,8.28,7.68,9.91,7.58,11.42,8.74,10.05,11.61,9.99,13.16,11.42,10.73,4.88,7.91,8.39,13.45,12.62,8.22,8.96,12.4,10.29,13.45,12.65,11.58,13.95,8.37,3.25,10.81,7.39,6.68,6.81,11.83,9.8,3.0,9.4,11.43,6.93,8.88,10.22,11.33,7.82,8.99
sample_50,9.49,9.66,10.56,11.71,6.74,7.93,5.45,6.7,12.01,8.91,10.7,12.4,9.05,7.62,9.68,14.79,12.38,10.65,10.63,12.14,11.04,4.72,9.27,10.55,7.53,8.94,5.3,6.72,8.15,10.21,14.73,8.32,6.13,7.83,6.64,17.37,11.55,7.91,11.82,10.74,8.05,9.14,12.39,4.63,4.43,13.68,9.71,8.44,11.75,9.37,8.28,13.74,9.77,8.89,13.16,5.62,9.63,12.1,4.88,14.64,9.63,9.35,13.84,8.59,10.16,6.05,5.74,8.79,10.52,10.2,9.74,4.06,8.75,10.16,7.27,6.43,12.5,13.16,7.69,11.84,9.6,5.8,7.62,9.67,9.76,10.37,3.75,11.03,10.25,8.44,13.2,5.29,9.64,8.76,11.69,11.32,13.1,9.42,9.3,12.77
sample_51,10.46,7.54,5.13,7.49,13.56,11.9,12.93,9.29,9.98,10.7,6.39,9.24,11.18,11.17,7.27,9.52,14.59,10.35,10.14,11.05,8.45,7.07,9.67,9.64,7.78,7.94,1.88,13.91,8.75,8.76,9.78,10.94,13.84,11.4,9.12,7.76,11.68,10.03,13.75,6.43,8.56,13.33,6.58,12.51,13.75,10.84,14.09,9.95,9.0,11.13,13.05,14.3,12.73,8.76,10.37,7.96,13.47,1.0,11.81,8.97,16.16,7.97,11.2,9.88,10.27,2.29,12.51,1.42,12.11,13.72,12.61,16.47,6.65,6.95,12.26,10.35,12.04,17.81,8.58,15.57,14.78,7.3,11.11,9.44,7.47,8.86,9.5,5.36,7.78,8.94,9.68,6.47,13.11,11.05,7.34,12.67,5.88,8.75,13.25,5.92
sample_52,8.65,6.91,15.54,8.03,4.81,12.68,13.25,11.4,7.16,12.73,3.89,9.15,11.63,14.96,1.19,14.93,12.43,7.23,4.58,9.38,12.55,11.84,13.46,10.69,10.57,15.65,5.22,12.02,11.82,14.72,10.99,9.87,14.16,10.71,6.5,12.04,16.67,9.54,6.5,9.28,12.24,15.71,11.12,6.03,13.9,12.54,11.55,11.48,14.07,9.68,10.68,5.49,13.16,4.9,13.24,4.35,9.14,10.69,10.63,7.85,15.45,11.46,10.48,7.9,14.8,6.28,11.83,8.18,11.93,4.0,11.15,17.11,13.3,15.17,15.56,3.46,9.22,8.24,8.58,10.53,16.08,12.71,11.68,10.17,7.23,15.8,7.33,3.49,12.01,10.27,7.85,12.0,13.7,10.99,8.94,6.35,11.09,10.47,9.08,6.21
sample_53,13.21,12.13,12.22,8.82,7.61,12.63,10.9,10.02,4.54,8.38,11.7,14.55,11.6,5.95,8.29,8.75,9.56,8.64,9.75,12.49,11.95,6.3,4.06,10.9,7.5,11.54,16.06,8.68,12.3,12.74,8.73,4.67,12.61,10.94,9.38,10.32,11.74,14.33,13.57,6.26,16.64,9.84,10.24,7.41,10.77,17.12,8.88,11.26,7.14,6.49,10.47,8.89,9.06,16.41,10.2,13.32,13.42,5.95,9.43,7.31,8.89,9.26,10.15,15.09,10.05,5.57,6.32,6.99,11.22,13.74,10.84,6.6,9.45,12.76,12.37,6.27,9.0,9.63,7.92,9.97,7.37,6.99,8.17,8.6,10.21,9.98,7.46,12.24,9.7,14.05,9.72,14.43,9.62,9.06,12.18,13.94,13.0,13.97,12.51,10.47
sample_54,11.2,2.64,10.92,10.22,13.21,13.62,9.39,11.37,12.37,13.72,8.27,8.09,7.88,8.59,12.75,7.75,13.52,11.22,7.99,12.87,11.84,9.22,8.75,11.43,10.37,4.46,11.02,14.08,9.56,5.95,14.93,8.02,7.95,12.75,8.25,6.68,7.04,5.89,8.8,11.07,11.54,8.54,4.46,10.39,10.7,8.96,12.4,11.02,6.59,10.2,5.68,7.43,5.76,7.48,6.67,7.99,7.28,5.61,8.75,11.06,16.08,13.91,10.43,17.97,8.96,8.66,4.79,10.0,8.27,11.16,10.71,10.49,4.97,10.51,6.23,8.37,12.86,16.14,10.46,5.58,14.54,1.19,7.69,12.8,10.8,7.99,12.4,9.35,14.68,10.01,7.55,10.39,11.47,6.79,8.44,6.38,9.8,15.19,6.86,11.91
sample_55,8.5,13.33,4.94,9.33,9.12,10.69,7.72,5.74,5.91,7.24,8.24,11.15,9.37,12.29,3.4,15.22,7.53,9.89,3.89,13.2,8.12,8.9,13.36,10.94,10.68,8.4,5.15,7.15,13.54,12.11,8.15,5.88,9.58,8.08,9.99,11.36,8.42,13.31,9.64,9.58,11.14,8.07,10.74,10.6,6.19,9.38,10.59,18.3,13.69,9.85,9.63,14.27,10.55,10.27,6.8,8.97,15.75,16.44,8.05,12.72,9.73,13.24,7.43,6.93,16.42,11.5,12.06,10.01,8.56,4.35,11.97,6.92,11.32,9.04,17.31,10.94,8.43,8.73,10.57,9.58,12.17,14.61,9.43,5.73,8.27,12.2,11.03,10.75,12.93,8.57,11.57,10.82,8.92,7.57,12.69,5.6,10.9,4.35,8.16,12.68
sample_56,8.12,12.01,4.71,3.24,9.51,4.65,5.38,7.69,7.67,11.88,9.12,10.45,9.25,7.94,12.22,7.77,10.18,7.34,10.32,6.25,11.96,11.41,9.24,9.96,9.78,8.59,8.99,10.75,1.0,8.55,13.2,13.68,14.05,9.28,2.56,8.94,11.89,5.93,9.12,6.84,9.44,12.02,11.29,15.3,11.82,12.97,10.79,13.96,6.17,16.36,10.27,7.11,15.03,9.88,5.0,13.17,12.22,8.06,15.57,14.64,12.54,10.83,12.26,1.0,16.09,9.61,14.69,14.15,12.63,8.12,10.45,6.34,9.16,8.64,7.8,13.68,7.06,13.56,8.48,10.18,14.45,7.52,12.25,16.15,12.69,10.3,7.2,11.23,9.6,6.97,11.24,10.79,9.24,3.69,6.84,6.68,16.34,7.29,10.01,9.16
sample_57,5.03,6.25,7.31,13.77,6.92,13.57,12.95,14.84,9.88,7.74,8.88,11.61,12.87,8.5,8.39,15.23,13.74,9.19,9.15,13.01,11.14,8.07,7.73,10.1,15.42,10.59,10.06,4.8,7.47,12.01,6.78,8.92,15.06,4.78,10.45,11.7,8.52,11.51,4.09,8.67,4.99,10.48,2.6,10.47,7.31,7.58,8.42,8.76,8.07,10.6,7.57,9.65,9.85,9.49,5.9,8.74,10.97,7.4,15.46,7.54,8.98,16.63,10.8,11.31,8.95,9.27,12.93,4.85,7.42,10.45,8.04,10.86,5.63,10.86,7.92,9.49,3.84,12.73,6.78,8.28,9.83,8.34,9.04,13.41,8.97,10.4,10.38,10.92,5.39,12.06,10.89,9.59,10.37,17.22,12.72,13.53,10.72,10.09,8.23,14.92
sample_58,14.49,1.0,13.7,9.27,11.29,4.68,9.83,9.67,10.91,7.99,7.32,9.57,11.42,9.1,13.15,11.15,9.05,8.87,9.12,11.25,13.31,13.92,7.87,15.29,7.41,5.92,11.65,9.49,9.95,10.12,10.39,15.53,10.34,10.23,10.44,3.02,15.58,9.2,8.21,14.34,10.16,3.6,3.34,14.7,12.97,6.24,4.39,6.21,11.18,4.08,6.42,7.26,11.71,9.27,7.2,10.04,8.89,11.91,9.05,12.86,9.96,10.46,15.45,10.14,11.19,17.64,8.49,9.6,9.97,10.08,10.58,13.0,17.06,12.87,9.83,8.65,8.62,9.18,11.44,7.68,12.16,11.89,11.79,6.7,13.56,7.93,13.21,13.97,2.65,14.79,12.28,9.96,6.77,12.72,10.71,13.32,11.13,10.29,16.88,5.94
sample_59,8.68,7.94,8.99,11.05,9.1,7.46,9.89,14.21,8.13,7.6,13.06,11.17,11.47,6.45,14.07,10.16,9.35,13.17,15.93,8.59,6.57,6.31,11.82,13.01,11.04,8.71,11.76,12.51,11.32,11.44,9.5,13.15,8.02,11.82,13.45,10.03,10.14,10.41,12.32,8.08,1.23,5.8,9.87,8.53,13.37,15.86,6.58,10.05,8.46,7.24,15.43,8.79,9.06,10.44,8.65,6.48,13.23,8.2,13.95,15.12,6.94,6.85,11.59,12.09,11.79,9.9,9.99,12.73,12.85,7.77,7.04,7.51,4.5,14.6,15.44,12.13,11.1,11.81,8.12,10.41,8.75,7.96,5.71,12.83,12.12,12.0,12.76,6.7,7.34,8.54,8.46,10.78,6.71,11.59,10.97,15.35,9.54,11.84,12.96,13.0
sample_60,6.85,11.95,9.89,14.79,11.78,11.6,13.75,12.11,12.59,12.92,5.67,8.38,11.22,11.51,11.57,13.81,9.1,3.99,10.45,4.91,10.49,10.2,9.46,11.42,14.33,10.79,3.68,7.01,9.84,11.75,7.29,10.77,11.18,7.31,11.56,10.71,12.43,9.14,7.23,10.61,11.69,11.12,8.98,1.0,6.99,9.77,14.16,11.87,13.45,8.03,14.29,9.11,12.39,9.69,13.41,15.21,10.08,4.83,11.41,9.66,7.13,12.55,10.33,3.97,7.41,9.19,11.15,16.87,11.12,12.42,8.26,4.13,8.05,5.0,12.5,6.23,9.86,11.06,10.2,11.72,8.71,10.5,9.67,12.54,7.12,14.87,10.99,8.99,9.49,7.71,9.5,6.57,8.33,7.44,7.93,12.34,7.45,7.61,3.16,9.54
sample_61,8.88,11.63,10.99,11.99,9.52,9.74,11.59,12.08,6.13,10.73,10.85,7.18,13.1,5.51,6.47,9.0,11.27,8.03,10.37,8.94,12.42,9.33,10.36,7.01,15.37,7.13,9.99,9.87,10.8,13.15,5.98,11.73,11.53,5.39,7.9,16.54,7.84,8.78,13.69,13.64,8.85,6.97,10.29,8.87,10.47,9.45,14.15,3.81,8.23,12.0,9.14,8.31,7.18,15.87,8.47,11.11,8.09,13.25,11.7,11.38,8.08,8.46,5.4,6.17,12.22,6.42,11.17,7.93,12.78,10.41,12.64,13.37,14.47,4.54,10.25,6.06,6.95,8.28,3.65,10.52,14.0,11.09,9.21,8.95,16.53,11.58,10.02,10.56,9.04,9.44,8.36,12.9,10.88,10.98,10.84,11.67,10.29,13.47,10.04,6.99
sample_62,6.12,12.82,8.05,10.35,8.83,4.8,7.32,4.83,10.63,6.64,8.62,6.56,8.85,4.3,8.87,11.67,15.98,18.02,12.88,9.14,8.55,13.0,7.96,9.01,9.73,10.35,10.73,8.24,11.63,11.98,13.78,11.92,11.22,9.57,2.14,11.27,5.11,6.88,7.5,4.61,10.83,10.76,7.56,12.32,5.81,10.87,8.07,11.5,9.96,8.87,5.65,11.48,8.93,15.99,7.36,12.66,6.02,12.36,8.95,9.1,11.61,10.9,11.46,9.68,9.28,12.27,14.47,10.21,6.46,9.94,13.42,9.44,3.71,11.12,12.65,3.84,11.14,13.99,9.99,9.7,8.77,10.93,10.52,9.4,9.93,11.67,8.33,6.76,7.92,7.62,10.97,10.22,13.07,8.16,9.62,8.82,7.33,15.45,11.37,17.23
sample_63,16.99,13.71,10.92,7.51,12.41,11.22,12.46,11.95,9.8,1.11,6.03,10.13,8.6,13.0,8.55,11.62,12.29,10.95,10.75,14.34,11.0,9.77,12.57,11.98,10.69,7.09,9.2,9.49,11.72,8.45,7.62,11.96,13.61,13.99,4.44,5.35,8.75,8.84,7.35,10.24,6.7,9.43,10.09,12.58,13.12,5.67,16.37,12.08,13.27,13.08,7.76,6.94,10.81,12.44,8.67,14.91,11.13,5.89,5.83,5.79,12.77,12.96,8.53,6.35,12.79,9.57,7.15,9.57,13.84,7.08,17.47,5.9,12.83,7.68,5.84,11.63,12.69,13.23,1.66,8.75,8.79,13.96,6.4,6.42,4.34,10.54,15.37,11.88,15.61,9.32,6.86,12.87,9.71,5.74,8.2,10.81,16.44,5.95,13.08,7.3
sample_64,11.81,13.57,8.36,6.14,8.33,11.71,9.75,7.56,6.61,12.81,16.14,10.42,14.85,11.23,7.44,11.21,4.98,6.32,18.97,9.6,8.6,2.07,10.25,10.55,11.82,11.6,5.33,4.33,2.22,8.55,6.26,12.05,7.23,13.93,10.78,4.23,11.04,11.49,5.4,7.26,10.25,2.6,8.79,8.89,12.05,7.1,10.45,8.42,13.21,15.92,7.25,6.02,11.43,9.59,5.64,10.89,11.63,14.82,13.83,6.05,11.9,5.86,9.83,13.6,8.73,14.28,7.23,7.69,5.88,12.6,1.0,10.66,11.54,10.21,9.52,9.51,10.98,7.12,14.91,14.85,12.83,11.75,7.51,10.35,14.49,15.7,6.96,6.25,11.79,9.08,1.57,13.34,10.78,6.75,8.04,11.25,17.83,11.87,10.39,13.21
sample_65,6.22,9.38,13.45,10.51,8.54,4.94,7.41,13.24,9.3,8.59,11.99,7.09,14.86,8.46,9.97,13.84,15.08,11.46,8.7,14.27,14.13,10.85,8.94,18.3,10.11,12.81,12.48,13.83,8.98,13.92,10.47,15.62,9.63,15.11,10.93,14.32,6.13,9.72,13.12,4.63,14.55,13.71,11.45,8.3,19.31,11.79,6.92,9.04,6.93,3.81,7.41,7.03,5.28,9.13,13.59,11.55,10.97,7.04,11.06,12.1,9.88,8.14,13.34,10.57,12.51,8.14,8.2,11.44,14.15,14.34,10.8,13.15,16.96,4.69,10.51,6.78,12.7,8.37,10.79,11.11,13.09,13.91,12.01,11.65,6.5,9.66,10.36,7.86,5.68,9.49,10.13,8.09,11.32,13.14,8.92,8.32,7.66,7.53,8.88,7.22
sample_66,6.09,7.64,9.78,8.26,7.48,8.87,14.61,6.16,12.17,15.7,6.83,4.4,9.97,2.84,13.49,12.79,7.76,13.44,12.87,11.13,3.07,9.85,8.0,7.89,11.4,8.34,10.66,11.03,8.68,12.44,12.57,11.72,9.78,10.03,15.19,12.74,8.59,7.99,9.78,14.45,11.06,12.01,11.19,14.11,8.06,11.86,9.54,14.05,11.56,14.35,13.44,11.69,12.33,5.27,14.81,10.05,10.85,14.48,9.35,10.55,11.23,6.49,7.42,6.59,5.47,8.23,7.27,2.8,7.29,6.43,8.02,12.32,13.8,9.76,5.78,10.62,13.95,6.83,7.33,6.82,12.21,10.63,11.03,13.13,11.14,7.25,14.28,16.27,6.45,11.91,13.59,11.88,5.6,10.98,9.34,6.99,11.0,4.71,11.66,9.53
sample_67,8.86,8.7,10.42,8.79,9.6,5.49,11.59,8.45,14.29,10.63,12.29,12.31,5.03,12.33,10.55,7.16,7.84,11.99,6.03,7.29,6.06,14.72,10.14,17.05,8.98,9.48,9.15,8.11,5.72,6.23,10.84,10.32,9.27,12.22,7.95,7.58,7.35,10.36,10.22,6.7,14.23,5.38,13.75,17.3,12.29,11.39,12.18,7.97,6.0,7.81,9.38,7.62,14.36,6.97,12.34,8.46,11.92,8.31,6.73,8.33,9.65,6.7,10.84,7.2,5.19,6.5,11.1,12.69,14.15,3.81,7.67,10.68,8.22,10.15,8.8,12.14,6.98,10.86,15.28,7.47,15.14,13.04,9.8,12.0,10.89,14.5,4.69,7.35,10.74,5.64,13.01,7.05,14.97,14.71,7.53,13.61,3.99,14.48,10.88,9.46
sample_68,6.46,16.24,8.39,6.34,9.11,8.63,7.75,7.49,5.66,13.37,8.73,4.86,10.6,14.23,12.86,11.06,9.96,14.19,14.2,13.09,13.82,7.79,10.47,14.21,12.34,11.69,13.2,4.93,10.2,8.84,12.4,8.5,10.61,11.24,8.04,10.26,12.01,7.68,12.01,12.14,14.82,14.14,12.32,10.73,10.51,12.12,9.9,10.49,6.01,8.52,6.01,9.29,8.44,14.67,13.32,10.25,10.03,15.81,5.69,10.76,12.16,8.52,7.79,8.62,6.43,16.53,11.08,7.49,14.18,14.81,15.04,9.11,6.62,13.6,8.73,11.89,8.92,7.63,9.25,7.28,15.73,11.38,14.3,4.23,8.68,15.06,10.57,7.97,5.6,7.8,11.51,6.87,4.94,10.74,9.43,13.18,12.14,11.58,10.8,10.72
sample_69,5.66,11.13,9.0,12.19,11.97,9.6,7.32,7.33,9.1,10.52,13.68,12.64,8.7,11.14,9.59,11.59,9.63,6.7,9.84,11.7,6.64,11.7,9.35,9.97,15.61,8.96,10.17,12.01,15.72,10.58,8.57,11.4,10.89,9.39,6.32,8.53,11.07,5.53,11.18,7.58,8.85,8.7,15.57,13.94,6.07,10.17,10.51,11.17,6.84,12.0,1.94,12.16,9.52,9.76,9.91,9.94,6.56,10.05,6.96,10.65,7.21,15.73,12.18,11.87,5.43,10.84,2.34,10.9,12.14,8.61,9.25,9.68,10.51,9.03,11.75,11.05,8.55,9.66,8.11,13.41,7.94,5.69,10.4,9.68,13.77,12.41,8.89,8.58,13.4,15.47,6.48,7.5,9.16,14.83,6.43,15.9,10.43,11.97,12.03,9.32
sample_70,8.84,14.91,10.32,4.07,6.79,6.86,12.6,11.06,13.45,9.92,8.87,11.82,13.3,7.78,7.29,12.3,7.47,12.85,11.34,6.33,14.64,9.93,15.97,12.91,10.13,13.0,12.83,9.97,12.05,6.02,7.31,11.04,13.08,9.92,13.6,7.45,9.67,9.06,12.03,8.88,8.66,10.94,11.07,16.21,11.12,13.53,10.41,7.58,10.61,10.79,15.4,12.86,11.15,10.3,5.58,12.14,12.54,10.61,8.1,4.56,9.43,8.65,12.6,10.88,5.21,9.25,6.84,8.52,6.96,9.84,13.82,14.5,9.65,10.82,7.61,12.7,9.53,8.08,7.36,5.27,8.99,9.48,13.02,12.67,8.62,8.1,6.53,10.17,8.76,8.7,7.05,8.78,14.63,6.95,8.51,9.3,8.05,9.28,5.84,17.39
sample_71,11.39,8.37,10.95,16.05,14.48,11.77,7.77,7.04,9.3,11.04,8.46,11.19,12.02,15.99,12.04,4.87,14.83,11.46,10.87,9.37,9.77,12.2,11.8,9.36,6.95,8.32,11.51,10.57,15.08,7.06,11.18,5.44,8.56,9.49,7.13,7.49,8.55,9.44,7.95,5.69,12.58,9.61,4.44,14.04,12.71,14.59,9.21,13.57,9.29,11.22,7.78,7.76,15.97,10.28,12.61,9.0,14.66,5.57,5.81,7.44,12.63,7.35,7.62,13.42,3.95,11.6,1.18,4.6,14.38,11.85,7.9,12.0,11.42,11.31,9.32,11.95,10.07,12.49,12.38,10.88,11.75,9.71,8.9,7.34,5.98,10.97,6.96,8.75,11.17,9.59,5.08,10.48,13.44,8.17,12.77,17.71,13.67,7.11,4.52,11.99
sample_72,13.1,7.4,13.64,7.73,12.02,7.04,11.96,9.67,9.89,7.35,11.43,13.13,8.56,10.35,12.44,8.76,7.77,10.38,13.45,5.97,7.72,9.68,16.28,13.84,7.93,10.97,12.0,8.88,12.82,15.05,11.28,11.89,10.2,10.23,13.93,6.12,10.86,15.18,9.92,10.5,14.0,12.88,10.12,7.29,8.54,11.61,10.6,10.86,9.75,10.66,9.04,15.88,11.64,10.28,4.06,9.16,8.53,9.15,12.72,10.83,12.54,8.24,9.37,12.85,8.99,7.07,10.97,9.55,5.11,11.01,11.16,14.26,15.84,9.57,13.5,8.53,11.32,12.22,12.84,4.7,9.6,13.72,10.49,15.4,6.67,3.65,8.13,10.46,10.42,13.41,11.62,9.9,11.99,8.61,11.87,5.81,6.68,6.1,6.92,12.04
sample_73,16.16,13.68,15.53,9.34,13.65,16.05,12.63,6.93,7.37,9.77,14.08,13.69,10.71,10.02,8.76,18.48,4.0,10.18,3.83,8.77,10.34,7.75,4.69,9.64,7.73,9.68,11.99,4.95,11.94,14.58,4.18,11.49,12.22,12.65,7.28,9.35,7.07,8.63,13.37,6.32,6.79,8.25,5.91,9.81,3.71,5.21,12.15,8.89,6.23,8.67,8.86,8.41,11.52,7.02,11.63,12.5,8.62,7.16,8.73,8.24,11.74,8.86,8.0,5.28,9.61,9.28,14.98,7.12,11.91,9.19,11.64,9.46,5.46,12.33,10.57,6.59,16.82,18.17,11.33,9.88,10.93,13.6,11.44,6.36,8.45,10.51,7.2,8.81,9.86,18.18,11.9,6.97,3.39,6.89,5.53,9.51,10.36,8.54,9.29,10.62
sample_74,8.41,6.7,4.39,10.41,11.1,10.99,7.16,10.3,11.27,13.78,6.93,10.08,11.7,6.48,11.99,5.78,9.1,15.1,10.67,10.32,13.46,12.94,15.54,16.24,9.55,11.58,14.72,12.65,7.83,9.07,8.57,5.52,11.59,11.28,11.77,16.34,10.67,8.7,10.4,7.59,10.02,12.37,14.44,7.07,8.85,13.21,11.27,13.2,12.46,6.23,9.55,7.1,13.41,10.9,9.64,10.12,10.32,8.74,5.39,7.99,13.56,10.74,9.27,11.42,10.28,8.98,11.94,10.36,15.65,5.05,7.73,9.64,10.12,1.15,8.47,5.71,10.05,10.74,9.92,10.19,10.64,10.51,8.47,14.52,4.18,8.59,7.03,9.93,8.5,6.99,11.63,13.55,8.07,10.79,9.65,7.15,11.41,11.56,9.17,9.33
sample_75,12.5,8.04,6.46,7.49,4.68,9.36,11.65,5.58,7.34,9.75,6.18,9.66,8.71,12.79,13.28,11.35,8.17,8.96,5.31,9.15,11.74,10.75,8.31,6.55,6.1,4.22,9.01,10.3,10.62,8.9,5.56,8.64,10.12,9.15,10.62,9.98,14.38,12.26,10.67,8.42,12.61,12.04,6.6,8.6,11.18,7.32,12.34,9.09,9.05,9.39,7.15,7.26,4.85,9.14,6.34,9.06,10.34,9.03,14.71,11.2,5.68,13.78,7.62,7.37,7.42,8.52,8.7,9.16,5.73,7.64,6.82,12.67,13.95,3.13,15.88,8.58,10.75,11.35,10.49,11.7,17.35,10.11,9.99,13.1,7.02,9.94,6.1,12.79,11.74,5.34,9.18,12.18,8.74,7.59,9.81,10.93,10.46,4.58,7.62,7.07
sample_76,7.14,9.58,11.06,7.12,12.27,8.94,5.56,12.88,14.93,7.77,5.95,6.73,11.83,9.12,7.34,8.88,1.9,11.08,11.26,10.55,9.88,7.35,10.47,10.41,7.15,16.25,14.35,9.01,7.15,9.75,10.25,10.79,11.77,10.98,13.26,7.3,9.49,10.54,9.6,10.79,2.32,12.93,12.79,12.39,7.93,15.73,10.48,5.85,7.72,13.55,12.29,12.98,16.17,9.9,8.73,9.02,8.76,12.25,9.56,5.95,11.23,16.06,6.02,12.45,7.32,10.97,9.37,8.04,12.54,7.26,8.77,11.99,7.26,1.0,6.27,9.98,10.12,10.71,10.49,8.25,8.61,13.27,10.38,7.32,16.01,11.1,7.92,12.08,11.84,11.99,12.43,9.73,12.3,6.14,10.03,8.07,10.29,6.85,12.17,6.61
sample_77,7.07,8.28,10.62,10.07,9.89,7.66,6.99,12.55,7.55,8.78,8.8,10.54,8.1,7.93,13.52,6.57,13.33,12.8,14.06,13.21,15.61,9.59,15.76,8.91,9.29,9.86,9.26,7.92,6.49,12.23,6.65,7.36,15.37,14.66,7.67,11.45,6.99,14.68,9.07,14.53,9.03,8.25,14.3,7.94,13.13,6.38,6.48,18.34,8.55,5.97,10.82,14.37,5.92,4.35,9.45,8.46,11.21,11.83,4.72,9.48,9.14,6.21,11.95,12.11,9.06,10.11,7.78,7.04,11.74,14.02,12.23,10.19,12.17,6.12,8.76,5.03,10.77,12.72,6.47,11.82,14.36,14.04,15.07,11.73,10.38,13.59,8.46,7.69,6.21,2.05,12.12,14.13,12.49,12.4,7.0,9.48,10.04,12.76,18.14,7.53
sample_78,8.44,3.12,14.99,10.63,10.51,6.32,6.99,8.17,7.68,14.84,10.39,9.5,8.76,12.24,16.49,10.28,15.77,10.16,14.35,7.79,12.7,10.58,11.46,9.41,10.39,8.24,15.04,11.11,16.09,5.51,11.68,12.05,10.87,6.86,10.08,12.62,9.69,10.06,11.67,9.58,13.0,9.02,9.54,10.39,11.75,9.23,10.09,3.48,12.81,13.8,8.84,11.52,13.64,7.66,12.54,14.62,5.79,8.71,6.1,13.26,8.67,9.36,11.06,13.48,4.3,11.14,12.68,9.67,10.35,6.01,10.56,15.26,15.59,8.54,12.11,14.49,5.18,7.64,10.07,4.99,9.35,6.07,12.87,9.76,14.06,7.71,13.07,10.59,12.44,13.0,12.69,9.55,11.29,12.78,7.83,9.13,11.83,11.65,12.74,4.98
sample_79,9.37,8.63,11.3,10.52,8.93,13.0,10.77,10.33,16.85,9.21,13.83,7.94,8.9,14.21,11.16,12.54,10.47,9.9,11.1,9.64,4.08,14.53,14.77,11.32,12.06,7.54,9.95,13.04,10.7,1.0,9.92,12.73,15.2,8.93,11.4,10.26,7.98,9.05,8.76,15.15,14.56,8.7,7.41,3.36,9.2,13.62,16.66,10.39,14.54,6.48,12.31,11.62,10.81,10.54,13.43,6.47,16.77,1.0,5.86,11.79,10.24,6.61,4.36,7.29,6.12,9.33,11.44,6.78,5.01,9.5,13.25,9.73,12.95,6.95,7.41,6.21,6.18,10.02,9.48,8.78,8.5,12.21,7.56,6.77,10.14,15.67,11.44,6.91,7.51,10.7,12.96,9.47,7.31,8.74,5.29,7.98,6.63,14.65,5.71,6.49
sample_80,16.65,7.45,9.57,13.8,8.87,6.94,11.37,11.41,14.89,8.11,10.13,2.46,8.52,10.63,6.02,13.25,10.66,10.98,11.8,14.12,8.03,8.64,9.18,6.21,6.29,7.44,6.16,10.41,15.34,8.06,10.64,4.21,8.38,7.81,6.73,6.44,11.57,17.07,8.54,10.26,8.13,11.76,8.55,11.33,11.5,9.54,7.48,12.81,13.46,16.79,12.08,10.03,14.05,7.28,10.42,8.13,5.55,9.36,6.93,8.87,8.47,9.6,15.67,8.3,13.3,6.15,14.9,10.82,13.01,12.04,15.98,10.31,14.28,10.26,8.92,10.53,6.61,14.4,5.64,16.11,6.79,9.43,15.52,12.51,8.31,11.62,8.97,13.46,14.74,9.93,9.04,8.43,14.18,14.04,12.98,4.06,6.74,7.58,19.71,8.08
sample_81,11.07,7.23,8.24,12.11,14.75,6.4,10.21,4.53,10.43,6.15,6.32,8.59,11.11,5.96,7.09,9.0,9.05,9.52,15.14,10.02,12.37,9.6,11.26,6.17,5.75,6.58,9.55,9.54,7.26,9.1,6.66,7.9,9.57,13.29,9.53,6.9,7.52,11.55,8.99,8.4,14.02,9.03,10.03,11.87,9.34,15.65,7.38,9.31,13.77,7.52,5.41,6.25,13.54,11.92,4.32,7.05,8.04,7.71,12.22,11.87,4.88,9.46,10.21,7.21,7.86,7.05,4.12,4.88,10.51,10.07,7.44,9.6,16.82,10.01,5.48,2.24,6.48,10.56,13.89,9.11,7.99,9.77,11.34,10.37,7.73,9.61,10.67,12.12,7.73,5.28,14.42,10.44,4.58,11.45,9.59,2.54,12.2,10.72,8.31,11.63
sample_82,11.63,9.68,8.78,12.12,16.0,12.61,8.56,5.08,11.56,12.21,9.95,4.46,10.27,10.0,11.32,12.1,11.11,8.77,12.03,4.87,10.47,8.83,9.89,9.86,10.68,11.13,17.31,11.05,9.22,12.63,10.34,9.81,8.55,12.23,9.56,12.15,13.31,8.94,8.05,10.23,14.45,9.95,7.45,7.58,7.04,11.64,14.31,11.47,7.06,12.18,9.74,11.37,12.46,11.79,8.58,11.48,11.6,8.56,8.23,10.24,10.64,12.99,10.41,13.15,10.03,10.07,11.21,5.09,6.08,16.21,7.52,6.35,9.91,9.75,13.97,10.93,7.19,7.46,9.55,9.67,8.18,13.55,15.3,9.01,15.68,12.99,8.94,13.02,7.51,11.59,9.05,10.28,13.18,5.85,1.92,8.18,13.01,13.68,13.38,11.47
sample_83,9.2,11.74,7.22,5.61,10.79,8.73,10.69,11.92,16.3,10.39,8.93,13.13,4.64,1.47,5.14,13.61,7.89,6.44,12.54,5.83,10.04,7.12,12.54,8.16,9.9,8.54,9.81,7.36,5.97,8.64,11.02,11.87,9.79,6.7,5.77,10.67,6.75,12.3,9.85,5.51,12.77,13.41,13.3,10.56,4.64,11.4,9.11,7.58,8.63,9.22,5.25,10.77,14.75,4.03,9.68,1.64,14.14,3.43,7.5,13.11,10.86,10.46,10.98,12.03,8.88,9.31,12.38,11.4,9.71,17.91,9.87,15.79,13.78,7.94,10.2,1.0,9.3,7.37,10.66,9.97,8.46,13.72,1.31,13.78,9.06,8.05,10.21,13.84,8.29,8.48,9.42,11.0,12.94,9.79,11.7,14.7,12.12,17.79,9.81,9.89
sample_84,14.18,7.01,7.17,8.17,5.53,7.96,13.92,3.34,15.07,8.46,9.16,10.43,14.53,9.23,15.38,9.69,11.72,9.97,9.34,6.33,7.18,5.26,11.55,9.65,6.73,7.99,11.82,9.81,9.74,3.45,9.39,8.25,14.19,8.67,9.32,7.51,12.52,11.12,14.68,11.9,10.22,6.95,8.96,8.68,6.01,9.9,9.12,8.77,9.4,12.41,11.02,7.51,13.1,6.31,7.14,8.63,12.66,6.54,5.82,7.84,13.03,6.88,9.25,12.01,11.81,7.43,9.43,8.42,6.93,14.7,14.58,6.31,6.43,7.87,13.51,12.62,12.6,12.01,10.85,11.66,15.06,8.72,10.94,9.7,8.4,1.0,11.43,6.93,11.73,12.78,14.9,13.51,11.28,12.61,11.1,13.59,7.13,6.94,5.57,8.11
sample_85,9.59,4.82,11.09,9.71,10.05,6.19,8.8,5.39,12.09,6.36,12.99,10.05,7.38,6.05,7.44,10.42,11.25,5.84,7.73,11.78,15.85,13.99,13.1,14.33,14.75,12.34,11.12,11.62,5.1,11.1,9.63,10.69,1.38,12.08,11.84,12.29,6.02,11.1,10.37,4.55,10.33,11.64,15.19,8.56,3.04,6.52,5.94,10.68,5.94,7.2,5.86,12.62,7.87,12.94,7.28,11.06,8.05,8.88,10.96,2.36,9.27,7.1,6.4,11.08,11.26,9.58,12.19,9.8,9.86,12.92,11.3,11.34,7.63,8.61,10.63,13.23,11.17,14.54,7.57,15.93,10.07,13.63,11.4,7.34,10.95,10.85,3.42,7.41,9.45,8.3,8.95,13.48,10.15,12.45,7.18,8.48,11.81,11.09,7.82,10.54
sample_86,14.48,11.09,7.48,3.71,11.16,7.94,8.64,8.69,12.68,11.09,3.44,8.99,2.92,9.02,11.26,9.73,12.96,6.62,9.71,7.06,9.54,3.84,4.65,5.13,10.12,14.85,6.08,10.35,8.89,9.57,5.34,13.91,11.94,11.74,7.18,6.51,10.42,11.74,9.97,9.99,5.67,11.19,8.78,10.84,9.79,11.58,13.6,9.1,3.4,10.27,11.2,9.96,11.61,6.19,12.4,7.56,4.7,9.15,11.78,13.75,10.34,6.36,12.28,6.32,10.5,11.11,10.96,8.25,12.13,10.48,11.67,8.51,8.88,8.66,12.35,8.83,13.93,12.8,9.61,10.52,12.43,10.19,14.26,6.18,8.95,16.53,18.02,11.19,10.05,6.49,12.85,12.01,8.53,9.19,15.12,8.24,11.12,8.68,13.95,9.6
sample_87,13.12,9.96,16.69,8.63,15.91,17.94,7.24,19.25,11.96,6.92,11.09,9.92,11.32,15.06,9.34,6.74,10.96,10.67,12.53,8.22,5.39,9.86,6.31,10.56,13.71,6.18,9.37,12.67,9.51,15.22,7.1,7.81,6.02,6.33,12.22,9.62,10.93,9.11,7.46,5.86,10.67,11.81,13.26,5.61,11.06,11.93,14.32,9.92,13.67,8.94,13.35,6.19,9.07,11.3,9.69,10.7,8.33,6.93,7.04,7.97,12.94,9.36,10.07,11.95,7.47,10.14,10.98,7.36,12.49,10.69,9.67,12.42,4.48,11.54,10.61,7.9,14.79,12.34,7.94,17.44,12.12,12.1,11.32,8.98,6.65,4.11,13.38,12.49,14.24,8.99,16.61,10.34,7.46,12.84,8.13,13.48,9.91,10.79,8.24,8.01
sample_88,11.32,14.31,15.23,13.8,13.77,11.56,4.17,10.89,12.8,9.79,3.42,7.33,10.91,13.33,8.09,13.83,9.44,7.85,10.86,11.13,3.51,12.74,8.16,5.34,10.52,6.35,8.15,10.43,4.91,7.82,15.71,11.33,11.01,10.79,7.42,8.24,6.96,13.21,13.76,10.35,9.71,9.88,10.04,10.81,6.09,7.53,5.02,10.71,15.35,17.76,11.38,8.14,9.83,8.62,12.0,10.93,12.39,7.64,6.9,15.13,13.08,7.66,11.1,8.97,10.3,15.96,9.91,6.47,8.81,8.87,10.05,6.48,11.57,7.76,11.58,9.69,8.5,6.05,10.4,10.36,10.56,14.35,15.06,9.7,6.75,4.16,8.23,14.02,8.48,8.7,9.69,7.49,12.95,12.54,13.2,6.49,15.63,9.97,2.74,15.95
sample_89,9.56,6.67,8.39,8.53,9.78,14.74,8.85,9.92,17.82,8.42,7.58,8.62,14.14,11.69,10.97,10.82,9.26,9.1,14.16,12.64,5.92,9.47,11.78,11.75,10.21,7.56,15.79,10.03,10.75,14.1,9.46,11.32,13.8,6.28,9.41,4.83,11.02,13.43,5.29,12.9,9.97,13.47,13.1,11.01,8.39,13.34,12.19,11.1,13.63,9.61,10.81,7.27,13.45,9.1,15.13,12.38,10.83,4.64,12.57,14.61,11.06,7.4,8.8,10.1,15.99,13.65,5.58,16.11,4.57,3.39,13.27,16.97,6.02,12.09,11.48,11.49,4.25,16.86,7.97,7.61,10.42,8.45,9.77,11.16,11.23,13.34,5.27,10.95,8.93,10.78,13.45,11.61,8.53,10.14,5.84,9.02,3.86,8.15,11.61,8.65
sample_90,7.9,8.1,7.86,10.18,8.23,12.96,7.41,7.83,16.44,13.14,8.16,6.38,12.59,7.67,14.38,11.38,9.18,10.48,10.83,10.26,11.21,8.43,8.44,7.99,7.57,10.4,6.74,12.23,8.74,9.95,6.01,9.27,7.67,13.84,10.68,8.25,14.2,11.04,4.35,8.64,11.42,12.22,13.49,8.91,9.32,12.26,11.2,5.99,9.6,13.15,10.95,2.61,7.35,10.08,13.32,10.88,10.26,7.15,14.41,7.33,13.64,7.32,12.57,6.65,11.4,10.25,10.84,9.47,9.93,10.58,14.35,5.03,6.97,12.36,2.28,7.08,9.19,13.45,12.26,14.6,9.86,9.66,8.36,8.96,7.51,11.73,14.72,10.4,6.79,8.32,10.27,11.66,12.53,8.11,9.82,9.29,15.56,9.31,10.39,9.37
sample_91,8.35,5.73,5.24,14.99,12.85,9.63,6.1,14.06,8.39,12.57,8.79,11.29,12.65,9.49,9.22,12.41,11.18,12.14,8.28,4.52,12.68,8.78,13.19,9.55,8.54,10.33,11.3,14.19,6.02,8.86,5.03,9.54,10.93,5.86,9.4,12.8,12.78,7.89,7.9,6.08,8.36,7.08,8.08,6.58,10.96,13.68,11.6,15.35,8.9,5.11,3.28,7.41,3.19,15.12,11.97,6.85,7.24,8.85,16.62,8.98,10.21,8.15,9.68,7.02,6.7,8.93,7.98,12.7,11.44,12.59,8.87,13.82,7.66,11.34,9.53,8.39,6.73,8.42,8.16,12.36,9.83,8.85,11.54,11.92,9.96,11.54,15.96,11.01,6.02,15.74,11.79,8.63,8.23,11.0,11.62,10.82,11.17,10.05,14.73,13.01
sample_92,7.09,13.3,9.54,7.86,8.23,7.62,12.78,8.06,10.87,4.97,9.78,8.76,7.28,9.29,11.48,10.51,10.25,12.11,12.13,14.32,4.6,6.32,8.38,14.49,14.34,8.97,11.24,7.12,7.74,12.91,7.23,13.38,6.59,14.73,10.64,13.39,10.0,8.85,8.78,3.84,6.63,11.64,9.96,3.11,8.67,8.43,7.76,9.84,8.54,6.57,10.06,8.34,11.18,8.61,12.27,12.8,8.78,10.94,12.15,15.39,9.03,2.84,11.05,9.8,11.33,9.91,10.26,7.43,11.71,11.07,9.73,6.62,8.31,6.53,4.06,8.46,13.08,10.62,12.2,7.29,7.52,13.04,7.05,6.99,12.14,7.93,17.27,7.49,11.02,10.69,11.35,9.54,9.04,9.35,7.39,6.64,8.13,11.29,13.63,5.15
sample_93,10.36,13.41,9.15,10.62,15.11,4.34,6.48,7.58,11.59,11.68,8.48,7.7,10.47,7.87,7.88,10.27,9.33,13.72,11.52,10.83,8.89,9.78,10.94,5.5,12.22,8.36,11.61,10.14,13.49,15.81,14.11,6.72,10.11,10.19,8.14,7.45,7.1,5.97,7.8,13.06,14.48,15.43,14.42,9.49,9.42,8.62,10.33,8.94,10.0,13.61,8.12,10.24,5.78,13.43,12.81,10.81,10.0,8.36,9.32,15.77,7.23,20.0,11.26,7.27,13.32,8.73,8.05,10.47,10.51,9.47,8.25,8.01,11.26,11.45,11.12,11.57,11.56,9.66,13.07,13.32,5.68,7.95,11.29,11.87,9.4,8.64,8.86,12.41,9.31,11.7,5.38,8.72,10.44,13.33,9.56,11.83,8.84,7.86,12.05,12.66
sample_94,9.67,9.45,7.78,7.82,9.79,8.46,13.74,10.24,4.38,13.56,11.51,9.85,6.06,8.05,9.41,6.28,14.05,5.94,3.64,11.44,6.71,6.07,8.25,10.94,8.0,10.26,13.56,8.06,13.26,9.53,13.45,8.48,8.78,14.84,12.94,9.75,9.02,12.72,8.1,6.93,11.84,17.1,15.97,11.66,16.57,8.54,7.17,13.88,11.05,5.96,8.87,6.95,9.54,9.65,4.38,10.32,9.6,18.08,6.82,6.05,6.62,11.5,9.25,9.57,7.62,11.06,13.49,11.56,18.65,10.45,6.24,11.12,7.85,11.93,10.49,12.53,11.83,11.16,10.58,11.87,8.16,9.44,13.04,12.56,7.14,7.18,10.41,7.27,11.3,9.79,9.66,5.68,4.0,7.47,10.06,11.66,9.14,9.2,10.68,13.72
sample_95,9.04,11.41,13.41,3.31,8.94,6.23,9.24,6.29,6.11,14.34,9.96,13.38,8.05,12.14,11.93,1.87,11.02,10.95,10.59,12.36,11.66,11.33,12.59,7.99,8.57,10.9,14.08,5.83,9.16,7.89,15.59,11.34,5.08,14.48,4.52,11.97,11.03,8.74,6.74,11.35,8.97,8.76,6.69,11.37,7.78,8.49,7.2,8.41,15.25,15.68,13.0,5.55,8.66,14.69,7.51,9.84,12.52,6.07,8.66,9.57,8.73,9.8,5.83,6.43,7.89,14.05,10.68,8.43,14.66,7.3,12.7,5.63,12.92,11.61,15.93,11.96,7.4,14.61,7.0,7.94,6.93,4.34,12.2,2.83,17.76,12.18,10.77,12.64,6.54,10.08,12.27,13.02,16.94,7.37,10.66,13.71,5.64,11.23,7.56,8.45
sample_96,8.79,4.33,10.5,5.81,9.75,15.11,10.29,11.8,9.37,10.16,14.26,10.75,8.49,7.92,7.95,7.02,13.77,12.98,7.41,5.78,12.26,5.32,6.44,7.95,6.43,13.34,11.07,2.99,6.99,3.43,10.16,10.16,10.2,5.97,9.96,12.29,10.0,6.67,5.52,10.57,8.35,8.66,11.25,14.54,9.05,12.2,3.57,11.59,11.1,10.67,12.81,15.63,14.1,14.67,15.8,10.71,8.32,7.93,13.7,1.0,6.77,9.97,11.31,4.98,6.65,9.54,6.91,5.59,5.83,10.1,10.6,8.9,3.08,10.14,7.36,8.17,8.4,13.17,13.27,11.6,7.25,11.66,8.74,8.06,8.76,13.58,7.31,12.06,12.18,7.5,8.53,5.39,16.43,12.7,7.96,11.43,6.71,11.48,8.16,13.42
sample_97,11.42,10.93,7.42,12.13,6.73,7.11,12.37,4.27,10.11,6.17,7.47,9.84,9.14,8.89,11.65,12.46,5.25,12.05,3.77,9.88,12.06,11.56,6.34,3.36,3.62,12.18,14.25,6.87,17.9,6.33,7.22,15.17,11.49,10.07,12.85,9.44,8.71,4.96,7.06,7.32,9.45,6.92,7.15,8.49,4.75,11.32,13.17,13.51,12.19,12.68,11.86,8.24,12.41,8.32,9.24,5.76,13.29,13.47,8.71,13.19,15.37,9.08,11.41,13.63,9.36,12.2,10.33,5.5,11.12,4.44,10.58,9.46,10.17,10.69,15.14,8.23,9.62,10.35,8.49,10.98,8.68,10.4,10.6,11.15,6.59,10.65,16.26,11.19,12.95,12.8,6.8,14.83,8.31,15.33,5.85,8.06,11.67,10.8,9.45,7.87
sample_98,14.96,12.33,8.77,9.07,7.86,11.47,13.31,5.84,15.59,12.0,8.62,6.53,9.21,9.97,8.36,9.78,12.55,6.23,6.84,10.42,10.97,7.41,10.54,13.62,9.5,12.35,5.55,13.52,12.54,4.73,10.73,10.45,10.99,13.64,3.74,8.9,9.97,5.78,5.63,6.46,8.12,11.17,15.13,8.32,9.8,6.53,13.3,11.06,7.48,8.21,11.26,4.69,12.61,14.62,1.0,12.33,6.13,6.07,14.64,6.45,7.38,11.06,6.42,10.67,12.16,9.25,12.35,11.16,11.86,15.07,11.41,13.46,7.93,11.21,11.56,9.01,9.25,12.15,8.83,13.95,7.73,6.93,7.98,9.4,8.82,3.15,8.99,8.41,7.87,11.53,7.87,10.16,16.47,8.18,7.44,7.94,6.71,6.77,8.36,11.07
sample_99,9.65,10.61,8.22,9.49,4.88,12.54,7.85,12.58,10.59,10.63,7.21,14.52,9.91,8.49,9.06,10.74,12.44,13.08,10.8,11.95,8.03,8.01,13.03,12.0,5.58,6.7,8.92,9.87,3.44,9.37,1.76,7.38,14.09,4.2,3.4,9.99,7.81,8.63,12.31,5.89,14.99,15.16,12.49,3.68,9.73,8.7,16.83,14.39,9.86,9.2,11.03,9.25,16.23,11.41,6.62,9.86,14.65,8.08,7.27,13.14,10.75,9.88,10.57,8.4,3.86,12.42,9.83,1.0,6.42,7.82,8.77,9.0,9.58,13.04,10.56,9.43,7.57,5.12,10.43,11.45,10.41,11.66,10.96,14.21,9.33,10.29,9.41,12.42,8.58,11.56,14.71,8.08,8.18,11.31,10.47,12.75,16.66,11.3,3.25,5.43
sample_100,9.25,10.92,13.17,10.86,16.35,8.88,10.04,3.64,12.84,10.83,11.43,7.52,11.97,9.19,7.04,9.76,10.57,5.31,16.17,11.18,6.84,8.2,11.1,7.43,10.11,5.5,5.65,5.94,9.9,9.09,13.58,15.65,14.83,12.67,9.79,10.87,14.44,6.55,14.55,8.0,8.42,9.54,8.72,11.23,8.76,6.94,4.85,7.39,6.83,4.43,8.19,10.34,8.05,12.45,9.4,5.54,12.92,7.26,7.36,9.2,7.92,14.32,11.43,2.9,7.8,11.24,6.4,8.19,10.4,8.57,13.09,13.45,5.3,6.0,3.01,9.2,12.26,11.55,6.92,10.65,12.48,4.85,8.28,14.02,10.71,12.9,11.47,6.19,4.38,15.32,11.05,7.51,8.59,7.67,8.41,16.13,9.66,10.61,7.35,16.19
